{
    "algorithm": "decremental_greedy",
    "k": 25,
    "num_trips": 123179,
    "trips_remaining": 118977,
    "utility": 6567,
    "utility_percent": 5.331265881359648,
    "elapsed_time_seconds": 4574.855115652084,
    "elapsed_time_minutes": 76.24758526086808
}