{
    "algorithm": "incremental_greedy",
    "k": 80,
    "num_trips": 123179,
    "trips_remaining": 100915,
    "utility": 115131,
    "utility_percent": 93.46641878891694,
    "elapsed_time_seconds": 196.46977138519287,
    "elapsed_time_minutes": 3.2744961897532145
}