{
    "algorithm": "taxi_exp_2km",
    "k": 180,
    "num_trips": 123179,
    "trips_remaining": 123179,
    "utility": 94536,
    "utility_percent": 76.74684808287127,
    "elapsed_time_seconds": 1751.8123717308044,
    "elapsed_time_minutes": 29.196872862180076
}