{
    "algorithm": "incremental_greedy",
    "k": 80,
    "num_trips": 945028,
    "trips_remaining": 157832,
    "utility": 944728,
    "utility_percent": 99.96825490884926,
    "elapsed_time_seconds": 131.6533215045929,
    "elapsed_time_minutes": 2.1942220250765483
}