{
    "algorithm": "decremental_greedy",
    "k": 30,
    "num_trips": 123179,
    "trips_remaining": 46983,
    "utility": 62537,
    "utility_percent": 50.76920578994796,
    "elapsed_time_seconds": 124.43525791168213,
    "elapsed_time_minutes": 2.073920965194702
}