{
    "num_hubs": 40,
    "num_total_pkgs": 5000,
    "num_servicable_pkgs": 231,
    "delivered": 223,
    "success_rate_24h": 0.9653679653679653,
    "success_rate_eod": 0.9523809523809523,
    "total_success_rate": 0.9653679653679653,
    "avg_delivery_time_hours": 6.168076817492525,
    "avg_delivery_time_hours_24h": 6.168076817492525,
    "avg_delivery_time_hours_EOD": 6.021666483222222
}