{
    "algorithm": "taxi_exp_2km",
    "k": 150,
    "num_trips": 123179,
    "trips_remaining": 123179,
    "utility": 92998,
    "utility_percent": 75.49825863174729,
    "elapsed_time_seconds": 1724.9944994449615,
    "elapsed_time_minutes": 28.749908324082693
}