{
    "algorithm": "incremental_greedy",
    "k": 50,
    "num_trips": 945028,
    "trips_remaining": 157832,
    "utility": 943209,
    "utility_percent": 99.80751893065602,
    "elapsed_time_seconds": 126.93540787696838,
    "elapsed_time_minutes": 2.1155901312828065
}