{
    "algorithm": "taxi_exp_2km",
    "k": 50,
    "num_trips": 123179,
    "trips_remaining": 123179,
    "utility": 61124,
    "utility_percent": 49.62209467522873,
    "elapsed_time_seconds": 1642.9995172023773,
    "elapsed_time_minutes": 27.383325286706288
}