{
    "algorithm": "incremental_greedy",
    "k": 35,
    "num_trips": 123179,
    "trips_remaining": 9084,
    "utility": 9084,
    "utility_percent": 7.374633663205579,
    "elapsed_time_seconds": 2.013529062271118,
    "elapsed_time_minutes": 0.033558817704518636,
    "utility_alltrips": 15787,
    "utility_percent_alltrips": 12.816307974573588
}