{
    "algorithm": "incremental_greedy",
    "k": 10,
    "num_trips": 945028,
    "trips_remaining": 157832,
    "utility": 898920,
    "utility_percent": 95.12099112407252,
    "elapsed_time_seconds": 117.997971534729,
    "elapsed_time_minutes": 1.96663285891215
}