{
    "algorithm": "taxi_exp_2km",
    "k": 100,
    "num_trips": 123179,
    "trips_remaining": 123179,
    "utility": 86707,
    "utility_percent": 70.39105691716932,
    "elapsed_time_seconds": 1682.112345457077,
    "elapsed_time_minutes": 28.035205757617952
}