{
    "algorithm": "decremental_greedy",
    "k": 25,
    "num_trips": 123179,
    "trips_remaining": 87451,
    "utility": 99122,
    "utility_percent": 80.46988528888853,
    "elapsed_time_seconds": 5561.839345693588,
    "elapsed_time_minutes": 92.69732242822647
}