{
    "algorithm": "incremental_greedy",
    "k": 90,
    "num_trips": 945028,
    "trips_remaining": 157832,
    "utility": 944874,
    "utility_percent": 99.98370418654262,
    "elapsed_time_seconds": 132.25406885147095,
    "elapsed_time_minutes": 2.204234480857849
}