{
    "num_hubs": 20,
    "num_total_pkgs": 5000,
    "num_servicable_pkgs": 144,
    "delivered": 137,
    "success_rate_24h": 0.9513888888888888,
    "success_rate_eod": 0.9513888888888888,
    "total_success_rate": 0.9513888888888888,
    "avg_delivery_time_hours": 4.701744010498783,
    "avg_delivery_time_hours_24h": 4.701744010498783,
    "avg_delivery_time_hours_EOD": 4.701744010498783
}