{
    "algorithm": "incremental_greedy",
    "k": 25,
    "num_trips": 123179,
    "trips_remaining": 72651,
    "utility": 115798,
    "utility_percent": 94.00790719197266,
    "elapsed_time_seconds": 214.16607546806335,
    "elapsed_time_minutes": 3.569434591134389
}