{
    "algorithm": "decremental_greedy",
    "k": 60,
    "num_trips": 123179,
    "trips_remaining": 100915,
    "utility": 107659,
    "utility_percent": 87.40044975198694,
    "elapsed_time_seconds": 3316.750356912613,
    "elapsed_time_minutes": 55.279172615210214
}