{
    "algorithm": "optimal",
    "k": 35,
    "num_trips": 123179,
    "trips_remaining": 9084,
    "utility": 0,
    "utility_percent": 0.0,
    "elapsed_time_seconds": 14.077449321746826,
    "elapsed_time_minutes": 0.2346241553624471
}