{
    "algorithm": "taxi_exp_3km",
    "k": 50,
    "num_trips": 946344,
    "trips_remaining": 946344,
    "utility": 893078,
    "utility_percent": 94.37139137565198,
    "elapsed_time_seconds": 1656.9223132133484,
    "elapsed_time_minutes": 27.61537188688914
}