{
    "algorithm": "incremental_greedy",
    "k": 100,
    "num_trips": 945028,
    "trips_remaining": 157832,
    "utility": 944932,
    "utility_percent": 99.98984157083176,
    "elapsed_time_seconds": 133.75640630722046,
    "elapsed_time_minutes": 2.2292734384536743
}