{
    "algorithm": "taxi_exp_1km",
    "k": 90,
    "num_trips": 123179,
    "trips_remaining": 123179,
    "utility": 30151,
    "utility_percent": 24.477386567515566,
    "elapsed_time_seconds": 3572.235313653946,
    "elapsed_time_minutes": 59.537255227565765
}