{
    "algorithm": "incremental_greedy",
    "k": 40,
    "num_trips": 123179,
    "trips_remaining": 46983,
    "utility": 63052,
    "utility_percent": 51.18729653593551,
    "elapsed_time_seconds": 50.78047156333923,
    "elapsed_time_minutes": 0.8463411927223206
}