{
    "algorithm": "taxi_exp_1km",
    "k": 130,
    "num_trips": 123179,
    "trips_remaining": 123179,
    "utility": 44272,
    "utility_percent": 35.94119127448672,
    "elapsed_time_seconds": 3596.0910959243774,
    "elapsed_time_minutes": 25.634969758987424
}