{
    "algorithm": "incremental_greedy",
    "k": 60,
    "num_trips": 945028,
    "trips_remaining": 157832,
    "utility": 944004,
    "utility_percent": 99.89164342220548,
    "elapsed_time_seconds": 129.3044629096985,
    "elapsed_time_minutes": 2.155074381828308
}