{
    "algorithm": "optimal",
    "k": 25,
    "num_trips": 123179,
    "trips_remaining": 9084,
    "utility": 9068,
    "utility_percent": 7.361644436145772,
    "elapsed_time_seconds": 13.734021186828613,
    "elapsed_time_minutes": 0.2289003531138102
}