{
    "algorithm": "optimal",
    "k": 25,
    "num_trips": 123179,
    "trips_remaining": 9084,
    "utility": 0,
    "utility_percent": 0.0,
    "elapsed_time_seconds": 13.67075252532959,
    "elapsed_time_minutes": 0.22784587542215984
}