{
    "algorithm": "decremental_greedy",
    "k": 100,
    "num_trips": 123179,
    "trips_remaining": 100915,
    "utility": 117033,
    "utility_percent": 95.01051315565154,
    "elapsed_time_seconds": 3330.8937525749207,
    "elapsed_time_minutes": 55.51489587624868
}