{
    "algorithm": "taxi_exp_2km",
    "k": 200,
    "num_trips": 123179,
    "trips_remaining": 123179,
    "utility": 94770,
    "utility_percent": 76.93681552862095,
    "elapsed_time_seconds": 1609.4113266468048,
    "elapsed_time_minutes": 26.82352211078008
}