{
    "algorithm": "optimal",
    "k": 10,
    "num_trips": 123179,
    "trips_remaining": 9084,
    "utility": 8573,
    "utility_percent": 6.959790223982984,
    "elapsed_time_seconds": 14.327308893203735,
    "elapsed_time_minutes": 0.23878848155339558
}