{
    "algorithm": "optimal",
    "k": 10,
    "num_trips": 123179,
    "trips_remaining": 9084,
    "utility": 0,
    "utility_percent": 0.0,
    "elapsed_time_seconds": 14.210320949554443,
    "elapsed_time_minutes": 0.23683868249257406
}