{
    "algorithm": "decremental_greedy",
    "k": 10,
    "num_trips": 820613,
    "trips_remaining": 193342,
    "utility": 761802,
    "utility_percent": 92.83328438618447,
    "elapsed_time_seconds": 673.7985286712646,
    "elapsed_time_minutes": 11.229975477854412
}