{
    "algorithm": "taxi_exp_1km",
    "k": 40,
    "num_trips": 123179,
    "trips_remaining": 123179,
    "utility": 8601,
    "utility_percent": 6.982521371337647,
    "elapsed_time_seconds": 3552.644851207733,
    "elapsed_time_minutes": 25.634969758987424
}