{
    "algorithm": "optimal",
    "k": 15,
    "num_trips": 123179,
    "trips_remaining": 9084,
    "utility": 0,
    "utility_percent": 0.0,
    "elapsed_time_seconds": 14.029884815216064,
    "elapsed_time_minutes": 0.2338314135869344
}