{
    "algorithm": "decremental_greedy",
    "k": 50,
    "num_trips": 123179,
    "trips_remaining": 100915,
    "utility": 101692,
    "utility_percent": 82.55627988537007,
    "elapsed_time_seconds": 9458.122260093689,
    "elapsed_time_minutes": 157.63537100156148
}