{
    "algorithm": "decremental_greedy",
    "k": 40,
    "num_trips": 123179,
    "trips_remaining": 46983,
    "utility": 63082,
    "utility_percent": 51.211651336672645,
    "elapsed_time_seconds": 124.87768602371216,
    "elapsed_time_minutes": 2.0812947670618693
}