{
    "algorithm": "taxi_exp_3km",
    "k": 40,
    "num_trips": 946344,
    "trips_remaining": 946344,
    "utility": 890926,
    "utility_percent": 94.14398992332598,
    "elapsed_time_seconds": 1656.9215466976166,
    "elapsed_time_minutes": 27.615359111626944
}