{
    "algorithm": "incremental_greedy",
    "k": 70,
    "num_trips": 123179,
    "trips_remaining": 100915,
    "utility": 91376,
    "utility_percent": 74.18147573855933,
    "elapsed_time_seconds": 197.33523201942444,
    "elapsed_time_minutes": 3.288920533657074
}