{
    "algorithm": "incremental_greedy",
    "k": 70,
    "num_trips": 123179,
    "trips_remaining": 100915,
    "utility": 113044,
    "utility_percent": 91.77213648430333,
    "elapsed_time_seconds": 197.33523201942444,
    "elapsed_time_minutes": 3.288920533657074
}