{
    "algorithm": "decremental_greedy",
    "k": 25,
    "num_trips": 123179,
    "trips_remaining": 72651,
    "utility": 112779,
    "utility_percent": 91.55700241112527,
    "elapsed_time_seconds": 5893.396527290344,
    "elapsed_time_minutes": 98.22327545483907
}