{
    "algorithm": "taxi_exp_2km",
    "k": 25,
    "num_trips": 820613,
    "trips_remaining": 820613,
    "utility": 606195,
    "utility_percent": 73.87099643802864,
    "elapsed_time_seconds": 1168.8671355247498,
    "elapsed_time_minutes": 19.481118925412495
}