{
    "algorithm": "taxi_exp_2km",
    "k": 25,
    "num_trips": 820613,
    "trips_remaining": 820613,
    "utility": 801562,
    "utility_percent": 97.67844282262162,
    "elapsed_time_seconds": 1150.1515169143677,
    "elapsed_time_minutes": 19.169191948572795
}