{
    "algorithm": "incremental_greedy",
    "k": 50,
    "num_trips": 123179,
    "trips_remaining": 46983,
    "utility": 63277,
    "utility_percent": 51.369957541464046,
    "elapsed_time_seconds": 47.38663840293884,
    "elapsed_time_minutes": 0.7897773067156474
}