{
    "algorithm": "taxi_exp_2km",
    "k": 25,
    "num_trips": 123179,
    "trips_remaining": 123179,
    "utility": 21507,
    "utility_percent": 17.45995664845469,
    "elapsed_time_seconds": 1141.3091070652008,
    "elapsed_time_minutes": 19.02181845108668
}