{
    "algorithm": "decremental_greedy",
    "k": 90,
    "num_trips": 123179,
    "trips_remaining": 100915,
    "utility": 115834,
    "utility_percent": 94.03713295285723,
    "elapsed_time_seconds": 3325.628383874893,
    "elapsed_time_minutes": 55.42713973124822
}