{
    "algorithm": "incremental_greedy",
    "k": 25,
    "num_trips": 123179,
    "trips_remaining": 80207,
    "utility": 110452,
    "utility_percent": 89.66788170061456,
    "elapsed_time_seconds": 202.8093445301056,
    "elapsed_time_minutes": 3.3801557421684265
}