{
    "algorithm": "decremental_greedy",
    "k": 20,
    "num_trips": 123179,
    "trips_remaining": 9084,
    "utility": 9017,
    "utility_percent": 7.320241274892636,
    "elapsed_time_seconds": 11.91174864768982,
    "elapsed_time_minutes": 0.19852914412816366
}