{
    "algorithm": "incremental_greedy",
    "k": 25,
    "num_trips": 123179,
    "trips_remaining": 94391,
    "utility": 93436,
    "utility_percent": 75.85383872250952,
    "elapsed_time_seconds": 137.71250820159912,
    "elapsed_time_minutes": 2.295208470026652
}