{
    "algorithm": "decremental_greedy",
    "k": 30,
    "num_trips": 123179,
    "trips_remaining": 100915,
    "utility": 81844,
    "utility_percent": 66.44314371767915,
    "elapsed_time_seconds": 3287.620279788971,
    "elapsed_time_minutes": 54.793671329816185
}