{
    "algorithm": "decremental_greedy",
    "k": 40,
    "num_trips": 123179,
    "trips_remaining": 9084,
    "utility": 9084,
    "utility_percent": 7.374633663205579,
    "elapsed_time_seconds": 11.675589084625244,
    "elapsed_time_minutes": 0.19459315141042074
}