{
    "algorithm": "decremental_greedy",
    "k": 40,
    "num_trips": 123179,
    "trips_remaining": 9084,
    "utility": 9084,
    "utility_percent": 7.374633663205579,
    "elapsed_time_seconds": 9.955874919891357,
    "elapsed_time_minutes": 0.16593124866485595,
    "utility_alltrips": 15786,
    "utility_percent_alltrips": 12.81549614788235
}