{
    "algorithm": "incremental_greedy",
    "k": 5,
    "num_trips": 820613,
    "trips_remaining": 193342,
    "utility": 659247,
    "utility_percent": 80.33591961131495,
    "elapsed_time_seconds": 162.4461534023285,
    "elapsed_time_minutes": 2.7074358900388082
}