{
    "algorithm": "taxi_exp_2km",
    "k": 160,
    "num_trips": 123179,
    "trips_remaining": 123179,
    "utility": 93605,
    "utility_percent": 75.99103743332873,
    "elapsed_time_seconds": 1734.6713292598724,
    "elapsed_time_minutes": 28.911188820997875
}