{
    "algorithm": "decremental_greedy",
    "k": 50,
    "num_trips": 123179,
    "trips_remaining": 9084,
    "utility": 9084,
    "utility_percent": 7.374633663205579,
    "elapsed_time_seconds": 9.935046672821045,
    "elapsed_time_minutes": 0.16558411121368408,
    "utility_alltrips": 15786,
    "utility_percent_alltrips": 12.81549614788235
}