{
    "algorithm": "taxi_exp_2km",
    "k": 10,
    "num_trips": 820613,
    "trips_remaining": 820613,
    "utility": 243047,
    "utility_percent": 29.617736984425058,
    "elapsed_time_seconds": 1168.7675726413727,
    "elapsed_time_minutes": 19.479459544022877
}