{
    "algorithm": "decremental_greedy",
    "k": 30,
    "num_trips": 820613,
    "trips_remaining": 20903,
    "utility": 820606,
    "utility_percent": 99.99914697914852,
    "elapsed_time_seconds": 123.36768865585327,
    "elapsed_time_minutes": 2.056128144264221
}