{
    "algorithm": "pairwise_greedy",
    "k": 30,
    "num_trips": 123179,
    "trips_remaining": 46983,
    "utility": 62298,
    "utility_percent": 50.57517921074209,
    "elapsed_time_seconds": 5178.020598649979,
    "elapsed_time_minutes": 86.30034331083297
}