{
    "algorithm": "optimal",
    "k": 5,
    "num_trips": 123179,
    "trips_remaining": 9084,
    "utility": 6273,
    "utility_percent": 5.092588834135689,
    "elapsed_time_seconds": 92.03353095054626,
    "elapsed_time_minutes": 1.5338921825091043
}