{
    "algorithm": "taxi_exp_2km",
    "k": 60,
    "num_trips": 123179,
    "trips_remaining": 123179,
    "utility": 71043,
    "utility_percent": 57.674603625618005,
    "elapsed_time_seconds": 1650.1995973587036,
    "elapsed_time_minutes": 27.50332662264506
}