{
    "algorithm": "optimal",
    "k": 50,
    "num_trips": 123179,
    "trips_remaining": 98448,
    "utility": 110216,
    "utility_percent": 89.47629060148239,
    "elapsed_time_seconds": 965811.4823081493,
    "elapsed_time_minutes": 16096.858038469156
}