{
    "algorithm": "incremental_greedy",
    "k": 60,
    "num_trips": 123179,
    "trips_remaining": 100915,
    "utility": 110001,
    "utility_percent": 89.30174786286624,
    "elapsed_time_seconds": 198.17998337745667,
    "elapsed_time_minutes": 3.302999722957611
}