{
    "algorithm": "incremental_greedy",
    "k": 40,
    "num_trips": 945028,
    "trips_remaining": 157832,
    "utility": 940575,
    "utility_percent": 99.52879703035254,
    "elapsed_time_seconds": 125.95969891548157,
    "elapsed_time_minutes": 2.099328315258026
}