{
    "algorithm": "incremental_greedy",
    "k": 30,
    "num_trips": 945028,
    "trips_remaining": 157832,
    "utility": 935097,
    "utility_percent": 98.94913166594006,
    "elapsed_time_seconds": 124.06298565864563,
    "elapsed_time_minutes": 2.067716427644094
}