{
    "algorithm": "incremental_greedy",
    "k": 5,
    "num_trips": 820613,
    "trips_remaining": 68002,
    "utility": 813569,
    "utility_percent": 99.14161730316239,
    "elapsed_time_seconds": 77.27359580993652,
    "elapsed_time_minutes": 1.287893263498942
}