{
    "algorithm": "decremental_greedy",
    "k": 30,
    "num_trips": 820613,
    "trips_remaining": 7296,
    "utility": 820606,
    "utility_percent": 99.99914697914852,
    "elapsed_time_seconds": 81408.9238772,
    "elapsed_time_minutes": 1356.8103840589523316
}
