{
    "algorithm": "incremental_greedy",
    "k": 25,
    "num_trips": 123179,
    "trips_remaining": 100915,
    "utility": 82268,
    "utility_percent": 66.78735823476404,
    "elapsed_time_seconds": 106.75379967689514,
    "elapsed_time_minutes": 1.779229994614919
}