{
    "num_hubs": 10,
    "num_total_pkgs": 5000,
    "num_servicable_pkgs": 86,
    "delivered": 76,
    "success_rate_24h": 0.8837209302325582,
    "success_rate_eod": 0.8837209302325582,
    "total_success_rate": 0.8837209302325582,
    "avg_delivery_time_hours": 3.4183626691922515,
    "avg_delivery_time_hours_24h": 3.4183626691922515,
    "avg_delivery_time_hours_EOD": 3.4183626691922515
}