{
    "algorithm": "taxi_exp_2km",
    "k": 20,
    "num_trips": 123179,
    "trips_remaining": 123179,
    "utility": 16554,
    "utility_percent": 13.438979046753099,
    "elapsed_time_seconds": 1134.018972158432,
    "elapsed_time_minutes": 18.900316202640532
}