{
    "algorithm": "optimal",
    "k": 40,
    "num_trips": 123179,
    "trips_remaining": 9084,
    "utility": 9084,
    "utility_percent": 7.374633663205579,
    "elapsed_time_seconds": 14.080487251281738,
    "elapsed_time_minutes": 0.2346747875213623,
    "utility_alltrips": 15788,
    "utility_percent_alltrips": 12.817119801264825
}