{
    "algorithm": "pairwise_greedy",
    "k": 10,
    "num_trips": 123179,
    "trips_remaining": 9084,
    "utility": 8197,
    "utility_percent": 6.6545433880775136,
    "elapsed_time_seconds": 4799.251599550247,
    "elapsed_time_minutes": 79.98752665917078
}