{
    "algorithm": "incremental_greedy",
    "k": 5,
    "num_trips": 123179,
    "trips_remaining": 46983,
    "utility": 14482,
    "utility_percent": 11.756874142508057,
    "elapsed_time_seconds": 38.42416739463806,
    "elapsed_time_minutes": 0.6404027899106344
}