{
    "algorithm": "decremental_greedy",
    "k": 10,
    "num_trips": 123179,
    "trips_remaining": 100915,
    "utility": 30234,
    "utility_percent": 24.544768182888316,
    "elapsed_time_seconds": 3321.1486229896545,
    "elapsed_time_minutes": 55.35247704982758
}