{
    "algorithm": "decremental_greedy",
    "k": 70,
    "num_trips": 123179,
    "trips_remaining": 100915,
    "utility": 110819,
    "utility_percent": 89.9658220962989,
    "elapsed_time_seconds": 3318.3725543022156,
    "elapsed_time_minutes": 55.30620923837026
}