{
    "algorithm": "decremental_greedy",
    "k": 70,
    "num_trips": 123179,
    "trips_remaining": 100915,
    "utility": 89703,
    "utility_percent": 72.82328968411824,
    "elapsed_time_seconds": 3318.3725543022156,
    "elapsed_time_minutes": 55.30620923837026
}