{
    "algorithm": "decremental_greedy",
    "k": 50,
    "num_trips": 820613,
    "trips_remaining": 193342,
    "utility": 820563,
    "utility_percent": 99.99390699391796,
    "elapsed_time_seconds": 406.85776710510254,
    "elapsed_time_minutes": 6.780962785085042
}