{
    "algorithm": "taxi_exp_2km",
    "k": 20,
    "num_trips": 820613,
    "trips_remaining": 820613,
    "utility": 517676,
    "utility_percent": 63.08406033050902,
    "elapsed_time_seconds": 1168.8569815158844,
    "elapsed_time_minutes": 19.480949691931407
}