{
    "algorithm": "taxi_exp_2km",
    "k": 20,
    "num_trips": 820613,
    "trips_remaining": 820613,
    "utility": 801562,
    "utility_percent": 97.67844282262162,
    "elapsed_time_seconds": 1150.1596283912659,
    "elapsed_time_minutes": 19.16932713985443
}