{
    "algorithm": "optimal",
    "k": 20,
    "num_trips": 123179,
    "trips_remaining": 9084,
    "utility": 9027,
    "utility_percent": 7.328359541805016,
    "elapsed_time_seconds": 14.259539127349854,
    "elapsed_time_minutes": 0.2376589854558309
}