{
    "num_hubs": 20,
    "num_total_pkgs": 5000,
    "num_servicable_pkgs": 951,
    "delivered": 915,
    "success_rate_24h": 0.9621451104100947,
    "success_rate_eod": 0.961093585699264,
    "total_success_rate": 0.9621451104100947,
    "avg_delivery_time_hours": 4.484454791484517,
    "avg_delivery_time_hours_24h": 4.484454791484517,
    "avg_delivery_time_hours_EOD": 4.473176057127705
}