{
    "algorithm": "incremental_greedy",
    "k": 70,
    "num_trips": 945028,
    "trips_remaining": 157832,
    "utility": 944392,
    "utility_percent": 99.93270040676043,
    "elapsed_time_seconds": 129.77962803840637,
    "elapsed_time_minutes": 2.1629938006401064
}