{
    "algorithm": "incremental_greedy",
    "k": 25,
    "num_trips": 123179,
    "trips_remaining": 87451,
    "utility": 102851,
    "utility_percent": 83.49718702051486,
    "elapsed_time_seconds": 170.14074850082397,
    "elapsed_time_minutes": 2.8356791416803997
}