{
    "algorithm": "incremental_greedy",
    "k": 50,
    "num_trips": 123179,
    "trips_remaining": 100915,
    "utility": 105676,
    "utility_percent": 85.79059742326208,
    "elapsed_time_seconds": 194.6231508255005,
    "elapsed_time_minutes": 3.2437191804250083
}