{
    "algorithm": "incremental_greedy",
    "k": 50,
    "num_trips": 123179,
    "trips_remaining": 100915,
    "utility": 105676,
    "utility_percent": 85.79059742326208,
    "elapsed_time_seconds": 118.80347204208374,
    "elapsed_time_minutes": 1.9800578673680624
}