{
    "algorithm": "incremental_greedy",
    "k": 50,
    "num_trips": 123179,
    "trips_remaining": 100915,
    "utility": 84800,
    "utility_percent": 68.84290341697854,
    "elapsed_time_seconds": 194.6231508255005,
    "elapsed_time_minutes": 3.2437191804250083
}