{
    "algorithm": "incremental_greedy",
    "k": 25,
    "num_trips": 123179,
    "trips_remaining": 111807,
    "utility": 44365,
    "utility_percent": 36.016691156771856,
    "elapsed_time_seconds": 49.00116491317749,
    "elapsed_time_minutes": 0.8166860818862915
}