{
    "num_hubs": 70,
    "num_total_pkgs": 5000,
    "num_servicable_pkgs": 1837,
    "delivered": 1601,
    "success_rate_24h": 0.8709853021230267,
    "success_rate_eod": 0.8600979858464889,
    "total_success_rate": 0.8715296679368536,
    "avg_delivery_time_hours": 7.581536836217642,
    "avg_delivery_time_hours_24h": 7.571070632990798,
    "avg_delivery_time_hours_EOD": 7.446116705001758
}