{
    "algorithm": "taxi_exp_2km",
    "k": 40,
    "num_trips": 123179,
    "trips_remaining": 123179,
    "utility": 47571,
    "utility_percent": 38.619407528880735,
    "elapsed_time_seconds": 1635.3436980247498,
    "elapsed_time_minutes": 27.255728300412496
}