{
    "algorithm": "incremental_greedy",
    "k": 40,
    "num_trips": 123179,
    "trips_remaining": 100915,
    "utility": 99069,
    "utility_percent": 80.42685847425291,
    "elapsed_time_seconds": 190.3802924156189,
    "elapsed_time_minutes": 3.1730048735936482
}