{
    "algorithm": "incremental_greedy",
    "k": 30,
    "num_trips": 123179,
    "trips_remaining": 100915,
    "utility": 88910,
    "utility_percent": 72.17951111796653,
    "elapsed_time_seconds": 185.62936520576477,
    "elapsed_time_minutes": 3.093822753429413
}