{
    "algorithm": "decremental_greedy",
    "k": 5,
    "num_trips": 820613,
    "trips_remaining": 193342,
    "utility": 485321,
    "utility_percent": 59.1412760948218,
    "elapsed_time_seconds": 410.4333438873291,
    "elapsed_time_minutes": 6.840555731455485
}