{
    "algorithm": "incremental_greedy",
    "k": 15,
    "num_trips": 123179,
    "trips_remaining": 46983,
    "utility": 52109,
    "utility_percent": 42.303477053718574,
    "elapsed_time_seconds": 44.18925404548645,
    "elapsed_time_minutes": 0.7364875674247742
}