{
    "algorithm": "incremental_greedy",
    "k": 10,
    "num_trips": 820613,
    "trips_remaining": 193342,
    "utility": 796728,
    "utility_percent": 97.08937099461012,
    "elapsed_time_seconds": 170.14247465133667,
    "elapsed_time_minutes": 2.835707910855611
}