{
    "algorithm": "decremental_greedy",
    "k": 40,
    "num_trips": 820613,
    "trips_remaining": 193342,
    "utility": 820522,
    "utility_percent": 99.98891072893069,
    "elapsed_time_seconds": 670.3172307014465,
    "elapsed_time_minutes": 11.17195384502411
}