{
    "algorithm": "decremental_greedy",
    "k": 40,
    "num_trips": 820613,
    "trips_remaining": 193342,
    "utility": 820522,
    "utility_percent": 99.98891072893069,
    "elapsed_time_seconds": 407.2309455871582,
    "elapsed_time_minutes": 6.787182426452636
}