{
    "algorithm": "decremental_greedy",
    "k": 30,
    "num_trips": 820613,
    "trips_remaining": 193342,
    "utility": 820278,
    "utility_percent": 99.95917685925033,
    "elapsed_time_seconds": 407.65396547317505,
    "elapsed_time_minutes": 6.794232757886251
}