{
    "algorithm": "decremental_greedy",
    "k": 30,
    "num_trips": 820613,
    "trips_remaining": 193342,
    "utility": 820278,
    "utility_percent": 99.95917685925033,
    "elapsed_time_seconds": 671.0311622619629,
    "elapsed_time_minutes": 11.183852704366048
}