{
    "algorithm": "decremental_greedy",
    "k": 20,
    "num_trips": 820613,
    "trips_remaining": 7296,
    "utility": 820606,
    "utility_percent": 99.99914697914852,
    "elapsed_time_seconds": 48.800851345062256,
    "elapsed_time_minutes": 0.8133475224177042
}