{
    "algorithm": "taxi_exp_3km",
    "k": 60,
    "num_trips": 946344,
    "trips_remaining": 946344,
    "utility": 894129,
    "utility_percent": 94.48245035631864,
    "elapsed_time_seconds": 1656.9227092266083,
    "elapsed_time_minutes": 27.61537848711014
}