{
    "algorithm": "incremental_greedy",
    "k": 30,
    "num_trips": 123179,
    "trips_remaining": 46983,
    "utility": 62293,
    "utility_percent": 50.571120077285904,
    "elapsed_time_seconds": 47.34606647491455,
    "elapsed_time_minutes": 0.7891011079152425
}