{
    "algorithm": "decremental_greedy",
    "k": 90,
    "num_trips": 123179,
    "trips_remaining": 9084,
    "utility": 9084,
    "utility_percent": 7.374633663205579,
    "elapsed_time_seconds": 10.123702049255371,
    "elapsed_time_minutes": 0.16872836748758951
}