{
    "algorithm": "incremental_greedy",
    "k": 100,
    "num_trips": 123179,
    "trips_remaining": 87451,
    "utility": 122306,
    "utility_percent": 99.29127529854927,
    "elapsed_time_seconds": 171.25454092025757,
    "elapsed_time_minutes": 2.8542423486709594
}