{
    "algorithm": "taxi_exp_1km",
    "k": 70,
    "num_trips": 123179,
    "trips_remaining": 123179,
    "utility": 23055,
    "utility_percent": 18.71666436649104,
    "elapsed_time_seconds": 3564.2061364650726,
    "elapsed_time_minutes": 25.634969758987424
}