{
    "algorithm": "taxi_exp_2km",
    "k": 15,
    "num_trips": 820613,
    "trips_remaining": 820613,
    "utility": 406025,
    "utility_percent": 49.478255889195026,
    "elapsed_time_seconds": 1168.7773299217224,
    "elapsed_time_minutes": 19.47962216536204
}