{
    "num_hubs": 60,
    "num_total_pkgs": 5000,
    "num_servicable_pkgs": 259,
    "delivered": 234,
    "success_rate_24h": 0.8996138996138996,
    "success_rate_eod": 0.8918918918918919,
    "total_success_rate": 0.9034749034749034,
    "avg_delivery_time_hours": 6.698878783179012,
    "avg_delivery_time_hours_24h": 6.623907515203863,
    "avg_delivery_time_hours_EOD": 6.50874480962482
}